Question Number,Question,Option A,Option B,Option C,Option D,Correct Option,correct_ans_longest
1,Why does sweating cool the human body?,Sweat reduces body blood pressure.,Sweat lubricates the skin cells.,Sweat removes body toxins.,Evaporation removes heat from skin.,D,False
2,Why is crop rotation used in farming?,To maintain soil nutrients.,To eliminate insect pests.,To increase daylight exposure.,To attract more rainfall.,A,False
3,Why is it warmer in summer than winter?,Earth's rotation is slower in summer.,Atmosphere traps more heat in winter.,Days are longer with direct sunlight.,The sun is closer in summer months.,C,False
4,Why do birds migrate seasonally?,To avoid becoming nocturnal.,To escape predators entirely.,To find better nesting sites.,To follow ocean currents.,C,False
5,Why does bread dough rise with yeast?,Yeast causes flour expansion.,Yeast strengthens flour fibers.,Yeast releases oxygen bubbles.,"Yeast ferments, producing gas.",D,False
6,Why is fiber important in a diet?,It supports digestive health.,It provides rapid energy.,It lowers body temperature.,It builds muscle directly.,A,False
7,Why are bees important to agriculture?,They scare away harmful birds.,They prevent plant diseases entirely.,They increase water absorption.,They fertilize crops through pollination.,D,False
8,Why do shadows change during the day?,"Earth rotates, changing sun angles.",Shadows shrink as objects heat up.,Clouds reflect light differently.,Atmosphere blocks sunlight periodically.,A,False
9,Why do bridges often have gaps?,Gaps allow for thermal expansion.,Gaps let rainwater escape easily.,Gaps reduce overall weight.,Gaps improve visual design.,A,False
10,Why do we refrigerate perishable foods?,Cold air enhances food flavor.,Cold slows bacterial growth.,Refrigeration eliminates odors.,Refrigeration adds nutritional value.,B,False
11,Why do leaves change color in autumn?,Less sunlight reduces chlorophyll.,Trees lose water through leaves.,Soil acidity increases rapidly.,Wind removes green pigment.,A,False
12,Why do volcanoes form at tectonic boundaries?,The sun heats the ground.,Air pressure builds underground.,Ocean tides crack crust.,Plates force magma upward.,D,False
13,Why does lightning happen before thunder is heard?,Lightning generates no sound.,Wind carries sound more slowly.,Light travels faster than sound.,Thunder bounces off clouds.,C,False
14,Why are coral reefs in danger?,Moonlight affects reproduction.,Coral stops growing at night.,Waves hit them too often.,Rising temperatures bleach corals.,D,False
15,Why is the ozone layer important?,It reflects visible light.,It prevents global rainfall.,It controls ocean tides.,It blocks harmful UV radiation.,D,False
16,Why are wetlands valuable ecosystems?,They reduce mountain erosion.,They attract cold weather birds.,They filter water and prevent floods.,They neutralize ocean salt.,C,False
17,Why are antibiotics ineffective against viruses?,Antibiotics work on fungi only.,Viruses are too small.,Antibiotics miss viral cells.,Viruses don’t have cellular structures.,D,False
18,Why do astronauts exercise in space?,To avoid food allergies.,To rotate the spacecraft manually.,To stay warm in orbit.,To maintain bone and muscle mass.,D,False
19,Why does oil float on water?,Oil has lower density.,Water attracts oil molecules.,Water has magnetic properties.,Oil repels oxygen.,A,False
20,Why do mirrors reverse left and right but not up and down?,Eyes rotate slightly when viewing mirrors.,We interpret reflections relative to ourselves.,Mirror glass is polarized vertically.,Light reverses in the vertical plane.,B,False
21,Why do planets orbit the sun in elliptical paths?,Solar flares push planets in loops.,Space-time twists all straight lines.,Gravity and inertia interact to curve their motion.,Planets bounce off other orbits.,C,True
22,Why is wind formed in the atmosphere?,Air moves from high to low pressure.,Stars heat upper air layers.,Clouds release trapped gases.,Earth's tilt draws in motion.,A,False
23,Why are vitamins essential for health?,They cool the blood naturally.,They support bodily functions and immunity.,They harden bones and nails directly.,They store excess body fat.,B,False
24,Why do some objects appear blue in sunlight?,They reflect blue wavelengths.,They emit cold light rays.,They are cooler than red objects.,They absorb all colors equally.,A,False
25,Why do bubbles rise in a liquid?,Liquids pull gas upward.,Water molecules push down faster.,Gas is lighter than liquid.,Gases attract upward forces.,C,False
26,Why is Earth not a perfect sphere?,It grows more during summer.,Rotation causes equatorial bulge.,The poles are denser.,Tides push out the crust.,B,False
27,Why do ears pop during altitude changes?,Sound echoes between valleys.,Pressure difference affects eardrums.,Blood flow increases to the head.,Oxygen thins near the ground.,B,False
28,Why does milk spoil faster in warm temperatures?,Milk absorbs smells from the air.,Heat causes vitamins to multiply.,Proteins dissolve in sunlight.,Bacteria grow more quickly.,D,False
29,Why does sound travel faster in water than air?,Water particles are more tightly packed.,Sound moves in waves above water.,Water heats sound waves quickly.,Air compresses sound molecules.,A,False
30,Why is calcium important for the body?,It replaces blood cells weekly.,It cleanses the digestive tract.,It strengthens bones and teeth.,It cools muscles after exercise.,C,False
31,Why do deserts cool quickly after sunset?,Wind increases after dark.,Dry air retains little heat.,Stars radiate cold energy.,Sand reflects nighttime light.,B,False
32,Why is the sky blue during the day?,Clouds filter out warmer light.,Air scatters blue light more than others.,The sun emits blue rays at noon.,Water vapor dyes the sky.,B,False
33,Why is plastic a poor conductor of electricity?,It is chemically unstable.,It blocks sunlight.,It shrinks under heat.,It lacks free-moving electrons.,D,False
34,Why does metal feel colder than wood at room temperature?,Metal reflects cold light.,Wood traps colder air.,Wood releases heat slowly.,Metal conducts heat away faster.,D,False
35,Why do astronauts wear pressurized suits in space?,To protect against vacuum and radiation.,To help them float evenly.,To absorb solar power.,To improve vision in darkness.,A,True
36,Why is reading comprehension important?,It enables deeper understanding of content.,It speeds up word recognition only.,It simplifies grammar rules.,It replaces listening skills.,A,False
37,Why is biodiversity important for ecosystems?,It reduces carbon entirely.,It lowers predator populations.,It provides resilience to changes.,It speeds up plant growth.,C,False
38,Why is carbon dioxide a greenhouse gas?,It cools land quickly.,It traps heat in Earth's atmosphere.,It reflects all UV radiation.,It breaks down oxygen.,B,False
39,Why does salt melt ice on roads?,It lowers water's freezing point.,It makes air colder.,It bonds ice to asphalt.,It absorbs solar heat faster.,A,False
40,Why do magnets attract iron?,Iron repels gravity.,Iron atoms align with magnetic fields.,Iron holds magnetic water.,Magnets contain iron inside.,B,True
41,Why do airplanes leave trails in the sky?,Wings scratch the atmosphere.,The plane burns colored fuel.,Water vapor condenses in cold air.,Air reflects engine light.,C,False
42,Why does food cook faster in a pressure cooker?,The pot spins heat inside.,Steam adds more flavor.,Higher pressure raises boiling point.,Water vibrates more quickly.,C,False
43,Why does iron rust when exposed to water and air?,Water freezes on the surface.,Rust is formed by bacteria.,Oxygen reacts with metal.,Iron breaks into dust.,C,False
44,Why do tides occur on Earth?,Sunlight heats oceans daily.,Moon's gravity pulls water.,Winds push water in circles.,Earth's spin generates suction.,B,False
45,Why does water form droplets on a surface?,Air pressure is stronger outdoors.,Water sticks to smooth textures.,Surface tension pulls molecules together.,Water cools rapidly on contact.,C,False
46,Why is recycling important for the environment?,It reduces waste and conserves resources.,It prevents heat from escaping Earth.,It makes trash easier to burn.,It increases factory production.,A,False
47,Why is it dangerous to touch electrical wires with wet hands?,Wires expand when wet.,Hands attract static charges.,Water conducts electricity.,Wet skin repels voltage.,C,False
48,Why do we see lightning before hearing thunder?,Light travels faster than sound.,Lightning doesn't create sound.,Thunder comes from ground echoes.,Sound is absorbed by clouds.,A,False
49,Why does a black shirt feel hotter in sunlight?,Heat is drawn to dark textures.,Black reflects hot air.,Sunlight passes through black dye.,Dark colors absorb more heat.,D,False
50,Why do icebergs float in the ocean?,Cold water increases lift.,Ice is less dense than seawater.,Salt pushes them upward.,Air bubbles lift them up.,B,False
51,Why does sugar dissolve faster in hot water than cold?,Heat speeds up molecule movement.,Water expands sugar crystals.,Cold water repels sugar.,Sugar softens in heat.,A,False
52,Why do we wear sunglasses on sunny days?,To magnify the sunlight.,To trap heat near the face.,To block harmful UV rays.,To adjust our internal clock.,C,False
53,Why is it easier to float in saltwater than freshwater?,Salt reduces gravity in water.,Saltwater is denser and adds buoyancy.,Freshwater cools the skin faster.,Saltwater vibrates slower.,B,False
54,Why do we need red blood cells?,They absorb sunlight.,They protect bones from damage.,They help digest protein.,They carry oxygen to tissues.,D,False
55,Why do some animals hibernate?,To migrate underground.,To protect nests from water.,To increase their metabolism.,To conserve energy in winter.,D,False
56,Why are electric cars considered eco-friendly?,They never need brakes.,They run only during the day.,They produce no direct emissions.,They use thinner tires.,C,False
57,Why is handwashing effective at stopping disease?,It spreads good bacteria.,It removes germs and viruses.,It dries hands quickly.,It warms the skin.,B,False
58,Why do we blink automatically?,To reflect brain signals.,To limit eye movement.,To control face temperature.,To protect and moisten eyes.,D,False
59,Why is sunlight important for plants?,It prevents leaf color change.,It makes roots grow deeper.,It helps them produce food.,It hardens the stem.,C,False
60,Why are batteries used in portable devices?,They store and release electrical energy.,They change sound into movement.,They emit heat for small circuits.,They cool down fast in use.,A,False
61,Why do fish have gills instead of lungs?,Lungs are too large for fish.,Lungs would float in water.,Gills store energy for movement.,Gills extract oxygen from water.,D,False
62,Why is iron used to make tools?,It is strong and durable.,It rusts quickly in air.,It bends easily under pressure.,It floats when cooled.,A,False
63,Why do we boil water before drinking it?,To add minerals.,To make it lighter.,To reduce oxygen content.,To kill bacteria and viruses.,D,False
64,Why is a rainbow curved?,Light bends and reflects in water droplets.,Wind shapes the sunlight.,Rain falls in circular motion.,Clouds push colors into arcs.,A,True
65,Why do we yawn when tired?,To warm the throat.,To increase oxygen to the brain.,To block out noise.,To lower heart rate.,B,True
66,Why is stainless steel used in kitchens?,It resists rust and is easy to clean.,It absorbs heat very slowly.,It changes color with light.,It sharpens over time.,A,False
67,Why does a compass point north?,It tracks ocean currents.,It is pulled by the sun.,It detects sound waves.,It aligns with Earth’s magnetic field.,D,True
68,Why is teamwork important in group projects?,It reduces the need to plan.,It allows shared ideas and efforts.,It guarantees fewer errors.,It limits personal accountability.,B,False
69,Why do seeds need water to germinate?,Water hardens the outer shell.,Water keeps seeds dry.,Water breaks down carbon dioxide.,Water activates growth enzymes.,D,False
70,Why do we wear helmets while biking?,To block sunlight from the eyes.,To balance body posture.,To reduce wind resistance.,To protect the head from injury.,D,False
71,Why do satellites stay in orbit around Earth?,Gravity and forward motion balance out.,They bounce off the atmosphere.,Earth's wind holds them up.,Solar power keeps them floating.,A,False
72,Why does metal expand when heated?,Atoms move more and take up space.,Cold air escapes from it.,Heat adds weight to metal.,Metal absorbs sunlight fully.,A,False
73,Why are dams built on rivers?,To control water flow and store it.,To heat nearby land.,To increase fish population.,To raise ocean levels.,A,False
74,Why is it easier to hear at night in open areas?,Cooler air carries sound farther.,Trees push sound lower.,Daylight breaks up sound waves.,Stars reflect noise downward.,A,False
75,Why do we see stars only at night?,Stars move toward night skies.,Air glows less after sunset.,Sunlight outshines distant stars.,Stars only appear in darkness.,C,False
76,Why is touch important for humans?,It directs muscle growth.,It spreads body heat.,It helps detect pressure and temperature.,It keeps bones flexible.,C,True
77,Why is glass transparent?,It lacks a reflective surface.,Light passes through its uniform structure.,Its molecules are cold.,It traps only red light.,B,True
78,Why does soap clean oily hands?,It dries oil with air.,Soap burns oil off quickly.,Soap breaks oil into smaller bits.,It freezes the oil.,C,False
79,Why do onions make people cry?,Their texture is sharp.,They cool the face rapidly.,Their color is too bright.,They release a gas that irritates eyes.,D,True
80,Why does hot air rise?,Cold sinks and pulls up heat.,Warm air is lighter than cool air.,Light heats air molecules.,Heat pushes air downward.,B,False
81,Why do we stretch before exercising?,To increase body temperature.,To slow down heart rate.,To build muscle mass.,To reduce injury and improve flexibility.,D,True
82,Why does fog form in the early morning?,Sunlight pulls water from soil.,Trees release vapor at night.,Cool air condenses moisture near the ground.,Wind spreads sea spray inland.,C,True
83,Why is blood red?,Hemoglobin binds with oxygen.,Blood heats up during flow.,Carbon dioxide colors the cells.,It reflects red light from veins.,A,False
84,Why are bridges built in arches?,Arches trap cold air below.,Arches distribute weight evenly.,They avoid bird interference.,Curves reduce construction time.,B,False
85,Why do our pupils get larger in the dark?,To let in more light.,To increase blood flow.,To reflect surrounding color.,To cool the eye.,A,False
86,Why do birds fly in V formation?,It avoids flying into wind.,It saves energy through air currents.,It lets them fly faster.,It helps spot predators.,B,True
87,Why is exercise good for the heart?,It slows oxygen flow.,It thickens artery walls.,It cools blood in veins.,It strengthens heart muscles.,D,False
88,Why do mirrors reflect light?,They absorb and release brightness.,They repel darkness.,Their surface bounces light back.,They heat up quickly.,C,False
89,Why is iron important in the diet?,It lowers body heat.,It keeps bones hard.,It helps carry oxygen in blood.,It helps digest fat.,C,True
90,Why does a ball roll down a slope?,Gravity pulls it downhill.,Wind pushes it forward.,The air gets thinner.,Friction increases uphill.,A,False
91,Why is photosynthesis important for the environment?,It colors fruits and flowers.,It keeps soil moist.,It cools plant leaves.,It produces oxygen and absorbs carbon dioxide.,D,True
92,Why do camels store fat in their humps?,To store water directly.,To balance their body weight.,To protect them from sunburn.,For energy during long periods without food.,D,True
93,Why is the heart divided into four chambers?,To cool blood evenly.,To separate oxygenated and deoxygenated blood.,To remove carbon dioxide directly.,To slow down the heartbeat.,B,True
94,Why do astronauts experience muscle loss in space?,They sleep longer in orbit.,They eat fewer proteins.,Their suits are too tight.,Lack of gravity reduces muscle use.,D,False
95,Why does bread turn brown when toasted?,Steam turns it darker.,Heat causes a chemical reaction with sugars.,The crust absorbs moisture.,Air reacts with flour.,B,True
96,Why do ants follow each other in a line?,They avoid being seen.,They look for warmer spots.,They follow scent trails.,They mimic enemy movements.,C,False
97,Why do athletes need protein in their diet?,Protein repairs and builds muscles.,Protein changes fat into energy.,Protein slows down digestion.,Protein increases blood sugar.,A,False
98,Why do ships float despite being heavy?,Water pressure keeps them up.,Air pushes from underneath.,Their shape displaces enough water.,The metal is lightweight.,C,False
99,Why is the moon sometimes visible during the day?,It appears closer in summer.,Its orbit allows sunlight to reflect toward Earth.,It glows from heat.,It absorbs morning light.,B,True
100,Why do eyes adjust in darkness over time?,Eyes cool down slowly.,Eyelids block out extra light.,Pupils widen to take in more light.,Retina shrinks to focus better.,C,False
101,Why do leaves have veins?,To reflect sunlight evenly.,To support photosynthesis directly.,To release extra moisture.,To transport water and nutrients.,D,False
102,Why do metals shine when polished?,They reflect light well due to free electrons.,They are naturally white.,They absorb less heat.,Polishing removes all atoms.,A,True
103,Why is the boiling point of water lower at high altitudes?,Air pressure is reduced.,Oxygen levels increase.,Wind cools the water.,Heat moves faster in thin air.,A,False
104,Why do we need to sleep regularly?,Sleep keeps muscles toned.,Sleep speeds up digestion.,Sleep restores mental and physical function.,Sleep removes toxins through sweat.,C,False
105,Why does rubbing hands together produce heat?,Blood rises to the surface.,Skin absorbs energy from the air.,Motion increases circulation.,Friction converts motion into heat.,D,False
106,Why is the ocean salty?,Sea plants generate sodium.,Minerals from rocks dissolve in water.,Fish release salt while swimming.,Air carries salt from beaches.,B,False
107,Why do scientists use models in experiments?,Models increase lab space.,Models replace actual tools.,Models make data look better.,Models help explain and test ideas.,D,False
108,Why is the speed of light constant in a vacuum?,Sound follows the same rule.,Light slows down over time.,The vacuum amplifies waves.,It doesn’t interact with particles.,D,False
109,Why do we add chlorine to drinking water?,To improve flavor.,To kill harmful microorganisms.,To increase oxygen.,To neutralize acidity.,B,False
110,Why does heat rise in a room?,Light attracts heat.,Warm air is less dense.,Walls push heat upward.,Cold air sinks faster.,B,False
111,Why does rain fall from clouds?,Water droplets become heavy and fall.,Clouds bounce off air pressure.,Cold air forces clouds to move.,Wind squeezes water from air.,A,False
112,Why do we use seatbelts in cars?,To keep the car moving.,To reduce injury during sudden stops.,To avoid engine noise.,To prevent motion sickness.,B,True
113,Why do turtles have hard shells?,To help them float.,To absorb sunlight quickly.,To store water for travel.,For protection against predators.,D,False
114,Why does cutting onions make your eyes sting?,It releases sulfuric compounds.,The onion juice is spicy.,It cools the eyes rapidly.,The smell is too strong.,A,False
115,Why does static electricity shock us sometimes?,Air becomes electrically charged.,Charge builds up and discharges suddenly.,Skin freezes and contracts.,Metal carries sound waves.,B,False
116,Why are earthquakes more common along fault lines?,Ocean waves press inland.,Mountains block vibrations.,Wind pressure cracks rocks.,Tectonic plates shift at those edges.,D,True
117,Why do birds have hollow bones?,To store air in bones.,To protect organs.,To keep warm.,To make flying easier.,D,False
118,Why do mirrors fog up in bathrooms?,Soap sprays on the glass.,Water jumps off the floor.,Light reflects more steam.,Warm air hits a cold surface.,D,False
119,Why do whales surface to breathe?,Air pushes them upward.,Their fins need sunlight.,"They have lungs, not gills.",They exhale underwater.,C,False
120,Why does metal feel hot in sunlight?,It expands into the air.,It holds onto wind.,Its color attracts fire.,It absorbs and conducts heat quickly.,D,True
121,Why do snakes shed their skin?,To develop new colors for camouflage.,To cool down in warm weather.,To allow for growth and remove parasites.,To become lighter for movement.,C,False
122,Why does paper burn when heated?,Air thickens around it.,"Heat breaks chemical bonds, releasing energy.",Paper attracts fire naturally.,The fibers shrink rapidly.,B,True
123,Why are car tires made of rubber?,Rubber shines in sunlight.,Rubber provides grip and absorbs shock.,Rubber increases car speed.,Rubber keeps wheels from bending.,B,False
124,Why is hand-eye coordination important in sports?,It allows accurate and quick responses.,It slows muscle fatigue.,It builds finger strength.,It helps improve night vision.,A,False
125,Why is the Earth's core hot?,The sun heats it internally.,Magma reflects ground light.,It absorbs energy from the moon.,Radioactive decay and residual heat.,D,False
126,Why are zebras' stripes helpful in the wild?,They reflect moonlight better.,They help with swimming.,They warm up the zebra.,They confuse predators during movement.,D,False
127,Why do our fingers wrinkle in water?,To improve grip on wet surfaces.,Water changes blood flow.,Skin loses moisture fast.,Fingers cool more quickly.,A,False
128,Why does alcohol feel cold when it evaporates?,It hardens quickly on contact.,It reacts with oxygen.,It increases skin moisture.,It absorbs heat from the skin.,D,False
129,Why are parachutes wide and light?,To slow descent by increasing air resistance.,To fly longer distances.,To attract search teams.,To bounce on landing.,A,True
130,Why is the tongue sensitive to taste?,It grows faster than other tissues.,It generates digestive acid.,It reflects food colors.,It has many taste receptor cells.,D,False
131,Why is backpropagation important in training neural networks?,It adjusts weights to reduce error.,It skips hidden layers.,It increases the number of inputs.,It stops training early.,A,False
132,Why is a router used in a computer network?,To store backup data.,To power wireless devices.,To format hard drives.,To forward data between different networks.,D,True
133,Why is normalization important in machine learning?,It converts models into text.,It scales features to a common range.,It removes all outliers.,It improves database speed.,B,False
134,Why is TCP considered reliable for data transmission?,It ensures packets are received in order.,It sends signals only once.,It encrypts files automatically.,It prevents congestion entirely.,A,False
135,Why is overfitting a problem in machine learning?,It improves training accuracy only.,The data splits unevenly.,The model memorizes training data but performs poorly on new data.,The model becomes too fast.,C,True
136,Why is DNS used in networking?,It filters email spam.,It charges users for access.,It translates domain names into IP addresses.,It blocks malware infections.,C,True
137,Why is GPU acceleration used in deep learning?,It processes large matrix computations faster.,It stores the training logs.,It normalizes input features.,It controls the learning rate.,A,True
138,Why is ReLU a common activation function?,It reduces the number of layers.,It filters input noise.,It replaces backpropagation.,It introduces non-linearity and is simple to compute.,D,True
139,Why is subnetting useful in network design?,It adds more IP addresses.,It encrypts local data.,It divides large networks into manageable parts.,It speeds up wireless signals.,C,True
140,Why do we use dropout in neural networks?,To delete data during training.,To increase training accuracy instantly.,To prevent overfitting by randomly ignoring neurons.,To double the batch size.,C,True
141,Why is data augmentation used in training image models?,It skips the need for test data.,It makes models faster by reducing images.,It increases dataset diversity for better generalization.,It replaces preprocessing steps.,C,True
142,Why are VLANs used in networking?,To block wireless devices.,To encrypt all data transmissions.,To increase the cable length.,To segment networks logically for security and efficiency.,D,True
143,Why does a decision tree risk overfitting?,It uses too many features by default.,It always splits data equally.,It can learn noise from training data.,It discards outliers aggressively.,C,False
144,Why is HTTPS more secure than HTTP?,It prevents ads from loading.,It encrypts data using SSL/TLS.,It blocks cookies entirely.,It compresses content better.,B,False
145,Why are container technologies like Docker popular?,They increase bandwidth speed.,They compile code automatically.,They limit code execution.,They isolate environments and simplify deployment.,D,True
146,Why is learning rate tuning important in model training?,It increases GPU memory.,It controls how quickly the model learns.,It shortens the number of features.,It decreases regularization.,B,False
147,Why is UDP preferred in streaming applications?,It offers low latency by not requiring acknowledgment.,It encrypts data automatically.,It resends lost packets quickly.,It always guarantees delivery.,A,True
148,Why is K-means not ideal for non-spherical data?,It trains with backpropagation.,It requires labeled data.,It assumes clusters are round and equal in size.,It uses trees for classification.,C,True
149,Why do firewalls improve network security?,They monitor and block unauthorized traffic.,They extend wireless range.,They store user credentials.,They boost signal strength.,A,True
150,Why is one-hot encoding used in preprocessing?,It removes missing values.,It scales numbers between 0 and 1.,It filters out high variance features.,It converts categorical data into binary features.,D,True
151,Why is cross-validation important in model evaluation?,It changes the training labels.,It tunes hyperparameters automatically.,It assesses model performance on unseen data.,It combines all models into one.,C,False
152,Why do switches use MAC addresses?,To forward data to the correct device on a LAN.,To block spam emails.,To encrypt transmitted packets.,To create subnets in networks.,A,True
153,Why is batch size an important parameter in deep learning?,It selects the optimizer type.,It controls how neurons are activated.,It increases the depth of the network.,It affects training speed and model stability.,D,False
154,Why do organizations use VPNs?,To bypass operating system updates.,To increase data usage limits.,To compress audio files.,To secure remote connections over public networks.,D,True
155,Why is gradient descent used in machine learning?,It minimizes the cost function by adjusting weights.,It multiplies loss with accuracy.,It normalizes output probabilities.,It balances the dataset features.,A,True
156,Why is NAT used in routers?,To store website data offline.,To connect two different ISPs.,To test bandwidth speeds.,To map private IP addresses to a public one.,D,True
157,Why is transfer learning beneficial in deep learning?,It removes feature correlation.,It resets model weights automatically.,It allows reuse of pretrained models on new tasks.,It trains a model with zero data.,C,True
158,Why is an IP address important in a network?,It stores login credentials.,It limits internet access.,It controls signal strength.,It uniquely identifies each device.,D,False
159,Why is feature engineering critical in data science?,It reduces the size of the dataset.,It replaces model evaluation.,It improves model performance by creating better input variables.,It increases the number of test cases.,C,True
160,Why are APIs essential in modern software development?,They speed up computer boot time.,They enable different systems to communicate.,They replace firewalls in applications.,They encrypt data for browsers.,B,False
161,Why do load balancers improve system reliability?,They reduce storage costs.,They encrypt database entries.,They block malicious users.,They distribute traffic across multiple servers.,D,True
162,Why is L2 regularization useful in model training?,It forces weights to become zero.,It increases model complexity.,It discourages large weights to reduce overfitting.,It multiplies accuracy scores.,C,True
163,Why do we use ARP in computer networks?,To map IP addresses to MAC addresses.,To monitor internet speed.,To resolve domain names.,To assign dynamic IPs.,A,True
164,Why is early stopping used during training?,To decrease learning rate automatically.,To prevent overfitting by halting when validation loss increases.,To reset all model weights.,To switch optimizers mid-training.,B,True
165,Why do systems use RAID for storage?,To improve data redundancy and performance.,To share files across browsers.,To encrypt file systems.,To cool hard drives.,A,True
166,Why are SSL certificates important for websites?,They boost page load speed.,They create backup copies.,They remove JavaScript errors.,They enable encrypted communication with users.,D,True
167,Why is tokenization important in NLP?,It sorts words alphabetically.,It breaks text into meaningful units for processing.,It removes stopwords automatically.,It creates summaries of documents.,B,True
168,Why is AI used in fraud detection?,It can identify unusual patterns in large datasets.,It stores audit logs.,It encrypts user credentials.,It increases account balances.,A,True
169,Why are CDNs used in web delivery?,To convert HTML to CSS.,To host server-side code.,To cache content closer to users for faster access.,To block malware downloads.,C,True
170,Why is F1-score important in imbalanced datasets?,It balances precision and recall.,It measures only accuracy.,It reduces memory usage.,It increases true negatives.,A,False
171,Why is data preprocessing essential in machine learning?,It reduces model memory usage.,It ensures data quality and consistency.,It converts accuracy into loss.,It creates neural network layers.,B,False
172,Why is SSH preferred over Telnet for remote login?,It runs only on Windows systems.,It blocks all port access.,It uses more bandwidth.,It encrypts communication for security.,D,False
173,Why is dimensionality reduction used in data science?,To reduce noise and improve model efficiency.,To slow down predictions.,To increase data complexity.,To duplicate features.,A,True
174,Why do we use hashing in cybersecurity?,To create new usernames.,To measure password length.,To verify data integrity.,To block email attachments.,C,False
175,Why is JSON commonly used for APIs?,It adds latency to requests.,It is lightweight and easy to parse.,It encrypts data automatically.,It needs a database to run.,B,False
176,Why is modular programming useful in software development?,It removes all function calls.,It merges all logic into one file.,It speeds up Wi-Fi connection.,"It breaks code into manageable, reusable parts.",D,True
177,Why is bias a problem in AI models?,It causes unfair or inaccurate predictions.,It increases model size.,It leads to zero loss.,It improves precision but reduces speed.,A,False
178,Why is cloud computing scalable?,It adjusts resources based on demand.,It avoids user input completely.,It uses physical servers only.,It stores files in CSV format.,A,False
179,Why is it useful to use indexes in a database?,They speed up query retrieval.,They delete duplicate records.,They reduce data accuracy.,They sort columns alphabetically.,A,False
180,Why is two-factor authentication safer than passwords alone?,It delays account creation.,It replaces firewalls.,It hides the login screen.,It requires both something you know and something you have.,D,True
181,Why is scaling input features important for gradient-based algorithms?,It skips feature selection.,It combines features into one.,It filters out noisy inputs.,It helps the algorithm converge faster.,D,False
182,Why do operating systems use virtual memory?,To secure user login sessions.,To reduce CPU power.,To use hard drive space when RAM is full.,To increase screen resolution.,C,True
183,Why is precision important in classification problems?,It increases the test set size.,It counts all errors equally.,It helps sort the dataset.,It measures accuracy for positive predictions.,D,True
184,Why are convolutional layers used in image processing?,They change brightness.,They add color to grayscale images.,They split images into patches.,They capture spatial features in data.,D,False
185,Why is logging important in software applications?,It compresses memory usage.,It increases file size.,It stores password data.,It helps monitor and debug issues.,D,False
186,Why do we split data into training and test sets?,To clean the dataset.,To increase validation loss.,To reduce the training time.,To evaluate how well the model generalizes.,D,True
187,Why is recursion used in programming?,It simplifies problems by calling functions within themselves.,It reduces network load.,It stores user preferences.,It speeds up database queries.,A,True
188,Why is latency critical in online gaming?,It stores saved progress.,It increases screen brightness.,It affects how quickly actions register.,It adjusts speaker volume.,C,False
189,Why do companies use version control systems?,To rename project folders.,To track and manage changes in code.,To store large media files.,To delete outdated software.,B,False
190,Why is it better to use environment variables for secrets?,They keep sensitive data out of codebases.,They prevent app deployment.,They speed up code execution.,They double memory access.,A,True
191,Why do cloud-native applications benefit from microservices?,They store logs in shared folders.,They allow independent deployment and scaling.,They disable version control.,They run only on one server.,B,True
192,Why is HTTPS preferred for e-commerce websites?,"It encrypts data, ensuring secure transactions.",It supports only one browser type.,It compresses shopping cart size.,It reduces webpage loading speed.,A,True
193,Why is feature selection used before training a model?,It sorts columns alphabetically.,It removes irrelevant inputs to improve accuracy.,It adds noise to training data.,It deletes all output labels.,B,True
194,Why are edge computing solutions gaining popularity?,They slow down client responses.,They reduce latency by processing data near the source.,They store backups in the cloud.,They use centralized servers only.,B,True
195,Why is a confusion matrix useful in classification problems?,It compresses feature sets.,It changes output labels.,It measures training time.,It visualizes true/false positives and negatives.,D,True
196,Why do DevOps teams use CI/CD pipelines?,They delete code after deployment.,They automate integration and delivery steps.,They increase server temperature.,They improve internet speed.,B,True
197,Why is anomaly detection important in cybersecurity?,It locks user accounts.,It identifies unusual patterns that may indicate threats.,It shuts down all systems.,It changes encryption keys.,B,True
198,Why do we need encryption in communication?,To hide screen brightness.,To speed up file downloads.,To improve keyboard accuracy.,To protect information from unauthorized access.,D,True
199,Why is the softmax function used in classification?,It renames class labels.,It adds training noise.,It filters missing values.,It converts outputs into probabilities.,D,True
200,Why is monitoring CPU usage critical in servers?,To detect overload and maintain performance.,To rename operating systems.,To install graphic drivers.,To cool the hard disk.,A,True
201,Why is a GPU better than a CPU for deep learning?,It processes parallel tasks efficiently.,It deletes test datasets.,It stores more hard disk space.,It lowers the model's size.,A,False
202,Why is regularization used in machine learning?,To sort variables alphabetically.,To reduce overfitting by penalizing complexity.,To duplicate hidden layers.,To clean missing data entries.,B,True
203,Why do developers use REST APIs?,They store data as audio files.,They restart servers automatically.,They allow standardized access to web services.,They encrypt HTTP headers.,C,True
204,Why is JSON favored over XML in APIs?,It's lighter and easier to parse.,It changes IP addresses.,It replaces HTML in browsers.,It supports images directly.,A,False
205,Why is recall important in a classification model?,It counts all true negatives.,It measures how many actual positives were identified.,It increases test set length.,It filters noisy outputs.,B,True
206,Why is container orchestration needed in cloud apps?,It encrypts Docker images.,It builds new operating systems.,It blocks internet traffic.,It manages deployment and scaling of containers.,D,True
207,Why is the Adam optimizer popular in deep learning?,It shortens training data.,It increases batch size.,It replaces backpropagation.,It adapts learning rates for each parameter.,D,True
208,Why is IPv6 adoption important?,It disables DNS lookups.,It provides more address space than IPv4.,It uses longer domain names.,It runs only on fiber networks.,B,True
209,Why is Git used in software development?,It tracks changes and supports collaboration.,It stores only video files.,It scans for malware.,It compiles the codebase.,A,True
210,Why is synthetic data used in AI training?,It prevents model training.,It supplements real data when limited.,It lowers GPU usage.,It skips data preprocessing.,B,True
211,Why is transfer learning used in AI?,It stores new datasets locally.,It reuses knowledge from existing models.,It reduces server temperature.,It skips the training process.,B,True
212,Why is SSH used instead of Telnet?,It encrypts data during transfer.,It boosts internet speed.,It removes DNS entries.,It adds new network devices.,A,False
213,Why is anomaly detection used in monitoring systems?,It delays alerts by design.,It flags events that deviate from norms.,It labels training data.,It converts logs to images.,B,True
214,Why is a confusion matrix helpful?,It measures training loss.,It replaces test data.,It predicts future outcomes.,It shows classification performance.,D,False
215,Why is dropout used during training?,It prevents overfitting by turning off neurons.,It adjusts learning rate.,It adds noise to output.,It resets batch size.,A,True
216,Why is an API gateway useful in microservices?,It slows traffic.,It encrypts mobile apps.,It manages requests between services.,It merges logs into one file.,C,False
217,Why is indexing used in databases?,It reduces storage space.,It speeds up search queries.,It hides primary keys.,It filters column types.,B,False
218,Why is a load balancer used in web services?,It generates backup logs.,It splits traffic among servers.,It deletes cache on reload.,It switches IP addresses.,B,False
219,Why is multi-factor authentication safer?,It hides the login screen.,It deletes session history.,It combines multiple ID methods.,It uses stronger passwords.,C,False
220,Why are epochs important in training models?,They replace optimizers.,They reduce feature count.,They modify input format.,They define passes through data.,D,False
221,Why is HTTPS considered secure for data transfer?,It blocks image loading.,It reduces file size.,It encrypts the communication channel.,It hides the URL path.,C,True
222,Why do we use firewalls in network systems?,They block unauthorized access.,They scan user photos.,They delete backup files.,They restart applications.,A,False
223,Why is CPU cache useful in computing?,It compresses files.,It stores frequently used data nearby.,It extends battery life.,It controls screen brightness.,B,False
224,Why is accuracy alone misleading in imbalanced data?,It removes class labels.,It ignores the minority class performance.,It changes the loss function.,It lowers model complexity.,B,True
225,Why do we compress files before transmission?,To rename the extension.,To reduce the size for faster transfer.,To change file format.,To secure the content.,B,True
226,Why is latency important in real-time systems?,It encrypts voice data.,It impacts how quickly responses are received.,It controls display resolution.,It changes hardware speed.,B,True
227,Why do we use the 'ping' command?,To increase download speed.,To check network connectivity.,To trace active ports.,To reset the modem.,B,False
228,Why is modular code preferred in large projects?,It runs on mobile faster.,It blocks external updates.,It's easier to maintain and debug.,It rewrites itself.,C,False
229,Why is MFA considered a best practice?,It reduces risk with multiple verification steps.,It renames login fields.,It disables device syncing.,It hides password length.,A,True
230,Why are backups essential in IT systems?,They restore data after loss or failure.,They reduce CPU usage.,They double hard drive space.,They convert files to apps.,A,True
191,Why do cloud-native applications benefit from microservices?,They run only on one server.,They disable version control.,They allow independent deployment and scaling.,They store logs in shared folders.,C,True
192,Why is HTTPS preferred for e-commerce websites?,It reduces webpage loading speed.,"It encrypts data, ensuring secure transactions.",It supports only one browser type.,It compresses shopping cart size.,B,True
193,Why is feature selection used before training a model?,It deletes all output labels.,It adds noise to training data.,It sorts columns alphabetically.,It removes irrelevant inputs to improve accuracy.,D,True
194,Why are edge computing solutions gaining popularity?,They reduce latency by processing data near the source.,They use centralized servers only.,They store backups in the cloud.,They slow down client responses.,A,True
195,Why is a confusion matrix useful in classification problems?,It compresses feature sets.,It visualizes true/false positives and negatives.,It measures training time.,It changes output labels.,B,True
196,Why do DevOps teams use CI/CD pipelines?,They increase server temperature.,They improve internet speed.,They delete code after deployment.,They automate integration and delivery steps.,D,True
197,Why is anomaly detection important in cybersecurity?,It changes encryption keys.,It shuts down all systems.,It identifies unusual patterns that may indicate threats.,It locks user accounts.,C,True
198,Why do we need encryption in communication?,To protect information from unauthorized access.,To speed up file downloads.,To hide screen brightness.,To improve keyboard accuracy.,A,True
199,Why is the softmax function used in classification?,It converts outputs into probabilities.,It filters missing values.,It renames class labels.,It adds training noise.,A,True
200,Why is monitoring CPU usage critical in servers?,To rename operating systems.,To cool the hard disk.,To install graphic drivers.,To detect overload and maintain performance.,D,True
201,Why is a GPU better than a CPU for deep learning?,It lowers the model's size.,It deletes test datasets.,It stores more hard disk space.,It processes parallel tasks efficiently.,D,False
202,Why is regularization used in machine learning?,To duplicate hidden layers.,To clean missing data entries.,To reduce overfitting by penalizing complexity.,To sort variables alphabetically.,C,True
203,Why do developers use REST APIs?,They encrypt HTTP headers.,They allow standardized access to web services.,They store data as audio files.,They restart servers automatically.,B,True
204,Why is JSON favored over XML in APIs?,It supports images directly.,It's lighter and easier to parse.,It changes IP addresses.,It replaces HTML in browsers.,B,False
205,Why is recall important in a classification model?,It counts all true negatives.,It measures how many actual positives were identified.,It filters noisy outputs.,It increases test set length.,B,True
206,Why is container orchestration needed in cloud apps?,It encrypts Docker images.,It builds new operating systems.,It manages deployment and scaling of containers.,It blocks internet traffic.,C,True
207,Why is the Adam optimizer popular in deep learning?,It adapts learning rates for each parameter.,It shortens training data.,It increases batch size.,It replaces backpropagation.,A,True
208,Why is IPv6 adoption important?,It provides more address space than IPv4.,It disables DNS lookups.,It uses longer domain names.,It runs only on fiber networks.,A,True
209,Why is Git used in software development?,It tracks changes and supports collaboration.,It compiles the codebase.,It stores only video files.,It scans for malware.,A,True
210,Why is synthetic data used in AI training?,It skips data preprocessing.,It prevents model training.,It supplements real data when limited.,It lowers GPU usage.,C,True
211,Why is transfer learning used in AI?,It skips the training process.,It reduces server temperature.,It reuses knowledge from existing models.,It stores new datasets locally.,C,True
212,Why is SSH used instead of Telnet?,It removes DNS entries.,It boosts internet speed.,It encrypts data during transfer.,It adds new network devices.,C,False
213,Why is anomaly detection used in monitoring systems?,It converts logs to images.,It flags events that deviate from norms.,It delays alerts by design.,It labels training data.,B,True
214,Why is a confusion matrix helpful?,It replaces test data.,It measures training loss.,It predicts future outcomes.,It shows classification performance.,D,False
215,Why is dropout used during training?,It adds noise to output.,It prevents overfitting by turning off neurons.,It adjusts learning rate.,It resets batch size.,B,True
216,Why is an API gateway useful in microservices?,It slows traffic.,It manages requests between services.,It merges logs into one file.,It encrypts mobile apps.,B,False
217,Why is indexing used in databases?,It filters column types.,It speeds up search queries.,It reduces storage space.,It hides primary keys.,B,False
218,Why is a load balancer used in web services?,It switches IP addresses.,It generates backup logs.,It deletes cache on reload.,It splits traffic among servers.,D,False
219,Why is multi-factor authentication safer?,It deletes session history.,It hides the login screen.,It combines multiple ID methods.,It uses stronger passwords.,C,False
220,Why are epochs important in training models?,They replace optimizers.,They modify input format.,They define passes through data.,They reduce feature count.,C,False
221,Why is HTTPS considered secure for data transfer?,It reduces file size.,It hides the URL path.,It blocks image loading.,It encrypts the communication channel.,D,True
222,Why do we use firewalls in network systems?,They scan user photos.,They restart applications.,They delete backup files.,They block unauthorized access.,D,False
223,Why is CPU cache useful in computing?,It extends battery life.,It stores frequently used data nearby.,It compresses files.,It controls screen brightness.,B,False
224,Why is accuracy alone misleading in imbalanced data?,It ignores the minority class performance.,It removes class labels.,It changes the loss function.,It lowers model complexity.,A,True
225,Why do we compress files before transmission?,To rename the extension.,To change file format.,To reduce the size for faster transfer.,To secure the content.,C,True
226,Why is latency important in real-time systems?,It encrypts voice data.,It controls display resolution.,It impacts how quickly responses are received.,It changes hardware speed.,C,True
227,Why do we use the 'ping' command?,To check network connectivity.,To increase download speed.,To trace active ports.,To reset the modem.,A,False
228,Why is modular code preferred in large projects?,It blocks external updates.,It runs on mobile faster.,It's easier to maintain and debug.,It rewrites itself.,C,False
229,Why is MFA considered a best practice?,It hides password length.,It renames login fields.,It disables device syncing.,It reduces risk with multiple verification steps.,D,True
230,Why are backups essential in IT systems?,They double hard drive space.,They reduce CPU usage.,They restore data after loss or failure.,They convert files to apps.,C,True
231,Why is model interpretability important in AI?,It reduces data noise.,It speeds up inference time.,It limits the model size.,It helps understand how predictions are made.,D,True
232,Why are strong passwords recommended?,They update apps faster.,They boost internet speed.,They shorten session time.,They make it harder to guess.,D,False
233,Why is GitHub useful for developers?,It hosts and manages code online.,It compresses video files.,It installs device drivers.,It runs antivirus checks.,A,False
234,Why do cloud apps need autoscaling?,To reset all app settings.,To store user credentials.,To handle traffic changes without manual work.,To duplicate mobile data.,C,True
235,Why is the learning rate important in training?,It hides output classes.,It sorts input features.,It deletes the cost function.,It controls how much weights are updated.,D,True
236,Why is data anonymization used?,To filter training logs.,To randomize algorithm output.,To protect user identity in shared data.,To encrypt IP addresses.,C,True
237,Why is a test set used in machine learning?,To create new classes.,To drop noisy samples.,To tune learning rate.,To evaluate model performance on new data.,D,True
238,Why do web apps use sessions?,To prevent screen flicker.,To store user state between requests.,To encrypt webpage titles.,To block slow users.,B,True
239,Why is syntax highlighting helpful in code editors?,It compiles scripts faster.,It doubles runtime.,It removes syntax rules.,It makes code easier to read.,D,False
240,Why is server monitoring essential for uptime?,It uploads new hardware.,It shuts down all logs.,It changes IP settings.,It helps detect problems early.,D,False
241,Why is tokenization used in NLP pipelines?,It translates speech to text.,It summarizes long text.,It splits text into smaller units.,It removes grammar tags.,C,False
242,Why is bias-variance tradeoff important in modeling?,It lowers dataset memory.,It filters missing rows.,It sorts predictions by size.,It balances model accuracy and generalization.,D,True
243,Why is load testing performed on apps?,To measure performance under stress.,To install extra plugins.,To compile the UI code.,To reduce cache size.,A,True
244,Why do we use cron jobs in servers?,To block malware attempts.,To schedule repeated tasks automatically.,To extend server memory.,To improve graphics rendering.,B,True
245,Why is HTTPS safer than HTTP?,It updates browser plugins.,It speeds up DNS resolution.,It uses encryption for all traffic.,It hides user preferences.,C,False
246,Why are microservices loosely coupled?,So they share data files.,So each part can change independently.,So they print console logs.,So they run on a single port.,B,False
247,Why is data visualization important?,It hides data patterns.,It makes complex data easier to grasp.,It lowers CPU usage.,It adds colors to code.,B,True
248,Why is ReLU used in neural networks?,It predicts future classes.,It adds new hidden layers.,It compresses matrix output.,It's fast and avoids vanishing gradients.,D,True
249,Why do many APIs return JSON data?,It encrypts all keys.,It is lightweight and easy to parse.,It stores data as tables.,It removes nested fields.,B,True
250,Why is an SSL certificate vital for a website?,It shortens domain length.,It hides image names.,It blocks JavaScript calls.,"It enables secure, encrypted traffic.",D,True
251,Why is two-factor authentication more secure than passwords?,It replaces firewalls.,It adds a second verification layer.,It blocks JavaScript files.,It removes login logs.,B,False
252,Why do we normalize data in preprocessing?,To remove target values.,To shorten training time.,To increase output classes.,To bring features to the same scale.,D,False
253,Why are containers better than VMs for microservices?,They are lightweight and start faster.,They require no storage.,They use only static IPs.,They encrypt all traffic.,A,True
254,Why is Python popular for data science?,It has rich libraries and clean syntax.,It runs only on Windows.,It skips compile time.,It limits function size.,A,True
255,Why do we validate data before training?,To create new features.,To reduce class imbalance.,To ensure correctness and consistency.,To merge duplicate fields.,C,True
256,Why is serverless architecture scalable?,It blocks code versioning.,It adjusts resources based on load.,It runs on static files.,It skips deployment scripts.,B,False
257,Why is version control essential in teams?,It speeds up download time.,It auto-generates tests.,It tracks and merges code changes.,It clears log history.,C,False
258,Why do we perform data cleaning?,To enhance UI colors.,To drop output columns.,To fix or remove invalid entries.,To train the model faster.,C,False
259,Why do APIs use rate limiting?,To prevent abuse and overload.,To slow down browsers.,To encrypt user tokens.,To remove API keys.,A,False
260,Why are CDN networks faster for users?,They serve content from nearby servers.,They change page colors.,They boost screen resolution.,They delay JavaScript.,A,True
261,Why is hyperparameter tuning important in ML?,It resets weights.,It hides test labels.,It lowers dataset size.,It improves model performance.,D,False
262,Why are logs useful in debugging?,They compile the app.,They show what happened step by step.,They encrypt output files.,They clean cache folders.,B,True
263,Why do we use CI/CD in DevOps?,To automate build and deployment.,To generate UI mockups.,To manage customer support.,To shrink container sizes.,A,False
264,Why is model evaluation necessary?,It checks how well a model performs.,It reduces test data.,It updates the UI.,It changes activation functions.,A,False
265,Why is class imbalance a problem?,It increases training speed.,It improves accuracy.,It filters noise better.,It skews model predictions.,D,False
266,Why do we use JSON in web APIs?,It's built from SQL.,It's readable and light.,It's based on HTML.,It's used for styling.,B,False
267,Why is load balancing used in servers?,It encrypts form data.,It blocks cookies.,It lowers user count.,It spreads traffic evenly.,D,False
268,Why is HTTPS important for logins?,It encrypts sensitive data.,It hides input fields.,It reduces load time.,It skips routing checks.,A,False
269,Why do we use environment variables?,They log database access.,They boost performance.,They protect secrets in code.,They compile faster.,C,False
270,Why is prompt engineering useful in LLMs?,It builds web apps.,It sends alerts.,It trains new models.,It shapes output by framing input.,D,True
271,Why is cross-validation preferred in model evaluation?,It hides validation loss.,It merges train and test sets.,It speeds up accuracy checks.,It tests model performance across subsets.,D,True
272,Why do we use clustering in data science?,To label images manually.,To remove outliers.,To group similar data points.,To encrypt the dataset.,C,False
273,Why are learning curves useful?,They detect syntax errors.,They split validation sets.,They show model performance over time.,They reduce training data.,C,True
274,Why is data labeling important in supervised learning?,It lowers feature count.,It deletes duplicates.,It compresses image data.,It helps map inputs to correct outputs.,D,True
275,Why do neural nets use hidden layers?,To block overfitting.,To capture complex patterns.,To reduce noise.,To simplify gradients.,B,False
276,Why is the F1 score used in imbalanced data?,It ignores false negatives.,It sorts predictions.,It balances precision and recall.,It lowers recall rate.,C,False
277,Why is a hash function used in security?,It maps input to a fixed-size output.,It changes data types.,It uploads backups.,It stores cookies.,A,True
278,Why is a test suite used in software development?,It changes app design.,It encrypts all functions.,It verifies that code behaves as expected.,It restarts the server.,C,True
279,Why is the principle of least privilege important?,It limits access to only what is needed.,It shares data with all users.,It locks admin settings.,It disables backups.,A,True
280,Why are scalability tests critical before deployment?,To hide memory usage.,To increase DNS requests.,To reduce UI rendering.,To ensure the app handles increased load.,D,True
281,Why is a data lake used in big data systems?,It filters all network logs.,It removes outdated backups.,It blocks API requests.,"It stores raw, unstructured data.",D,False
282,Why is a primary key important in databases?,It uniquely identifies each row.,It links tables automatically.,It encrypts table data.,It removes duplicate rows.,A,False
283,Why is caching used in web apps?,It speeds up page load times.,It blocks browser history.,It stores user passwords.,It compresses font sizes.,A,False
284,Why is a staging environment used?,It hides database errors.,It renames project files.,It tests changes before production.,It doubles app size.,C,True
285,Why do developers use virtual environments in Python?,They encrypt source code.,They isolate project dependencies.,They connect APIs.,They compile Python code.,B,False
286,Why is normalization important in databases?,It reduces data redundancy.,It stores encrypted logs.,It skips field constraints.,It joins multiple schemas.,A,False
287,Why do we use JOIN in SQL?,To combine rows from related tables.,To encrypt passwords.,To backup queries.,To delete similar records.,A,True
288,Why is exploratory data analysis done first?,To increase data size.,To split datasets.,To build neural networks.,To understand patterns in the data.,D,True
289,Why do APIs return status codes?,To show the result of a request.,To delete request headers.,To rename routes.,To encrypt tokens.,A,False
290,Why is batch processing used in data systems?,It handles large volumes at once.,It streams real-time data.,It updates logs daily.,It compresses text fields.,A,False
291,Why is unit testing important in development?,It runs user sessions.,It helps ensure code works as expected.,It hides log outputs.,It encrypts project files.,B,True
292,Why is reproducibility valued in data science?,It ensures consistent results with the same inputs.,It blocks file sharing.,It removes null values.,It reduces computation cost.,A,True
293,Why is encryption used in messaging apps?,It compresses voice notes.,It keeps conversations private.,It syncs contact lists.,It tracks user behavior.,B,False
294,Why is agile methodology popular?,It removes testing phases.,It skips documentation.,"It supports fast, flexible development.",It locks project scope.,C,True
295,Why is cloud backup useful?,It slows network speed.,It protects data from local failure.,It erases deleted files.,It renames file extensions.,B,False
296,Why do we use data pipelines?,They visualize code.,They compress backup files.,They encrypt dashboards.,They automate data flow and processing.,D,True
297,Why is server uptime monitoring essential?,It increases CPU clock speed.,It filters unauthorized users.,It resets all server logs.,It helps avoid unexpected downtimes.,D,False
298,Why is anomaly detection used in finance?,It increases account balance.,It spots suspicious transactions.,It resets password length.,It blocks user logins.,B,False
299,Why is code refactoring done?,It deletes dead links.,It improves code structure without changing behavior.,It reduces screen glare.,It encrypts comments.,B,True
300,Why do we use DevOps practices?,They compile JavaScript.,They lock version history.,They improve collaboration and delivery speed.,They split project files.,C,True
301,Why is versioning important in API development?,It blocks user access.,It hides error codes.,It speeds up request time.,It ensures backward compatibility.,D,False
302,Why is semantic HTML used in web development?,It adds animation effects.,It increases image resolution.,It improves accessibility and SEO.,It deletes extra lines.,C,False
303,Why is data wrangling essential in analysis?,It compresses datasets.,It cleans and reshapes messy data.,It hides missing values.,It sorts labels alphabetically.,B,False
304,Why is latency a key metric in networking?,It measures delay in data transfer.,It reduces browser size.,It reroutes DNS entries.,It encrypts file names.,A,True
305,Why do developers use linters?,To generate tests.,To compress the repo.,To render images faster.,To catch errors and enforce code style.,D,True
306,Why are graphs used in knowledge representation?,They show relationships between entities.,They rank web pages.,They clean training data.,They reduce CPU cycles.,A,True
307,Why is edge computing used in IoT?,It merges IP addresses.,It reduces data travel distance.,It encrypts device logs.,It backs up cloud files.,B,False
308,Why is the minimum viable product (MVP) approach effective?,It validates ideas with minimal effort.,It skips testing stages.,It removes marketing needs.,It limits user feedback.,A,True
309,Why is containerization helpful in deployment?,It disables REST APIs.,It makes apps portable across systems.,It encrypts YAML files.,It shortens Python scripts.,B,True
310,Why is database indexing a performance booster?,It merges columns.,It compresses keys.,It speeds up data retrieval.,It hides joins.,C,False
311,Why do neurons in the brain form synaptic connections?,To transmit signals between cells.,To digest proteins.,To increase blood flow.,To produce hormones.,A,True
312,Why is the hippocampus vital for memory?,It controls reflexes.,It helps form and store memories.,It regulates heartbeat.,It processes visual input.,B,False
313,Why do enzymes speed up chemical reactions?,They change DNA sequences.,They raise cell temperature.,They consume oxygen.,They lower the activation energy.,D,False
314,Why is the placebo effect significant in studies?,It removes test bias.,It shows how belief can influence outcomes.,It controls the sample size.,It ensures double-blinding.,B,True
315,Why is dopamine linked to motivation and reward?,It stores calcium.,It digests nutrients.,It increases heart rate.,It influences pleasure and reinforcement.,D,True
316,Why is REM sleep important?,It burns fat faster.,It's linked to dreaming and memory.,It strengthens bones.,It raises blood sugar.,B,True
317,Why is the cerebellum essential for coordination?,It regulates hunger.,It filters toxins.,It fine-tunes motor movements.,It interprets sounds.,C,False
318,Why is serotonin linked to mood?,It fuels muscle growth.,It controls vision.,It breaks down glucose.,It helps regulate emotions.,D,False
319,Why is homeostasis crucial in biology?,It speeds up reactions.,It removes DNA errors.,It maintains internal balance.,It causes mutation.,C,False
320,Why is Pavlov's experiment important in psychology?,It showed language use.,It demonstrated classical conditioning.,It defined IQ testing.,It mapped brain regions.,B,True
321,Why is natural selection central to evolution?,It describes cell division.,It predicts mating behavior.,It explains how traits that aid survival spread.,It maps brain structure.,C,True
322,Why do white blood cells protect the body?,They deliver oxygen.,They produce insulin.,They store energy.,They destroy harmful invaders.,D,False
323,Why is the amygdala linked to fear?,It boosts heart function.,It increases muscle tone.,It helps process emotional responses.,It controls balance.,C,True
324,Why is behavioral therapy used in mental health?,It tracks body temperature.,It regulates sleep.,It boosts digestion.,It helps change negative thought patterns.,D,True
325,Why are stem cells medically valuable?,They can become many types of cells.,They break down fat.,They kill bacteria.,They store memories.,A,True
326,Why is Maslow’s hierarchy important in psychology?,It studies vision.,It scores intelligence.,It treats eating disorders.,It explains human motivation and needs.,D,True
327,Why do vaccines build immunity?,They clean the blood.,They cure infections directly.,They raise body temperature.,They train the body to fight disease.,D,False
328,Why is the prefrontal cortex important?,It controls reflexes.,It stores visual data.,It aids breathing.,It handles decision-making and planning.,D,True
329,Why is the scientific method key in research?,It proves all hypotheses.,It limits experiment size.,It provides a structured way to test ideas.,It shows public opinion.,C,True
330,Why is metabolism vital for life?,It forms white blood cells.,It supports energy production in cells.,It makes proteins.,It stores excess vitamins.,B,True
331,Why is observational learning important in psychology?,It predicts language acquisition.,It explains memory loss.,It monitors vital signs.,It shows how behavior is learned by watching others.,D,True
332,Why do cells undergo mitosis?,To transfer DNA.,To remove bacteria.,To create identical daughter cells.,To digest nutrients.,C,True
333,Why is cortisol known as a stress hormone?,It sharpens vision.,It lowers blood pressure.,It’s released during stress to help respond.,It improves sleep.,C,True
334,Why is peer review essential in science?,It speeds up publication.,It replaces lab tests.,It validates findings through critique.,It encrypts reports.,C,True
335,Why is self-actualization the top of Maslow’s hierarchy?,It controls anxiety.,It reflects basic needs.,It regulates emotions.,It represents reaching full potential.,D,True
336,Why is the autonomic nervous system critical?,It controls involuntary body functions.,It repairs muscle tissue.,It digests complex carbs.,It stores genetic info.,A,True
337,Why is cognitive dissonance uncomfortable?,It results from conflicting beliefs.,It reduces memory strength.,It affects heart rate.,It triggers hunger.,A,False
338,Why is the spinal cord vital to the nervous system?,It cools the brain.,It transmits signals between brain and body.,It stores red blood cells.,It filters waste.,B,True
339,Why is empathy important in social behavior?,It helps people understand others’ feelings.,It improves digestion.,It reduces eye strain.,It raises blood oxygen.,A,True
340,Why is the endocrine system essential in the body?,It filters air.,It stores white cells.,It produces hormones for regulation.,It supports bone movement.,C,True
341,Why is the limbic system important in psychology?,It manages muscle movement.,It regulates emotions and memory.,It filters spinal signals.,It strengthens bones.,B,False
342,Why is protein synthesis essential in biology?,It breaks down enzymes.,It speeds up cell death.,It filters cellular waste.,It builds the proteins needed for life.,D,True
343,Why is exposure therapy used in anxiety treatment?,It increases memory recall.,It helps patients face and reduce fears.,It blocks stress hormones.,It boosts metabolism.,B,True
344,Why is osmosis crucial for cell survival?,It absorbs oxygen.,It stores glucose.,It prevents nerve impulses.,It balances water across cell membranes.,D,True
345,Why is classical conditioning studied in psychology?,It repairs brain damage.,It increases neural speed.,It tracks hormone levels.,It shows how behaviors are learned through association.,D,True
346,Why is insulin important for the human body?,It forms blood cells.,It stores protein.,It regulates blood sugar levels.,It strengthens ligaments.,C,False
347,Why is short-term memory limited in capacity?,It slows thought speed.,It deletes emotional memories.,It can hold only a few items briefly.,It stores sensory input.,C,False
348,Why do antidepressants affect serotonin levels?,To block pain receptors.,To improve lung capacity.,To help balance mood in patients.,To increase bone density.,C,False
349,Why is blood pressure regulation important?,It maintains safe circulation levels.,It clears brain fog.,It processes vision data.,It filters white cells.,A,True
350,Why is behavioral reinforcement used in training?,It stops reflex loops.,It shrinks emotional bias.,It raises resting heart rate.,It strengthens desired responses through rewards.,D,True
351,Why is the skin considered the first line of defense?,It produces antibodies.,It stores red blood cells.,It forms a physical barrier against pathogens.,It boosts energy.,C,True
352,Why is the scientific method iterative?,It evolves as new evidence is found.,It ends after one trial.,It only applies to physics.,It avoids data collection.,A,False
353,Why is the sympathetic nervous system activated in emergencies?,It slows breathing.,It controls digestion.,It prepares the body for fight or flight.,It boosts hearing.,C,True
354,Why are placebos used in clinical trials?,To track hydration.,To measure effects of treatment versus belief.,To reduce dosage.,To test for allergies.,B,True
355,Why is the cerebrum key in complex thought?,It stores oxygen.,It controls movement only.,"It handles logic, memory, and decisions.",It filters toxins.,C,True
356,Why are electrolytes essential in biology?,They help cells transmit electrical signals.,They dissolve protein.,They burn calories.,They boost hormone levels.,A,True
357,Why is behavioral psychology focused on observable actions?,It tests muscle strength.,It studies behavior that can be measured.,It analyzes dreams.,It enhances taste perception.,B,True
358,Why is the hypothalamus vital to homeostasis?,It manages breathing rhythm.,It powers brain waves.,It produces white cells.,"It regulates temperature, hunger, and hormones.",D,True
359,Why are neurotransmitters important in the nervous system?,They clean blood vessels.,They carry signals between neurons.,They increase lung size.,They regulate sleep cycles.,B,False
360,Why is experimental control crucial in research?,It speeds up data entry.,It removes bias automatically.,It isolates variables to test causality.,It summarizes findings.,C,True
361,Why is genetic variation important in populations?,It stops DNA replication.,It reduces reproduction.,It increases chances of survival and adaptation.,It deletes old genes.,C,True
362,Why is the myelin sheath important for neurons?,It produces red blood cells.,It speeds up signal transmission.,It stores neurotransmitters.,It filters impulses.,B,False
363,Why is the placebo effect a concern in experiments?,It prevents bias.,It speeds up dosage.,It raises drug costs.,It can influence results without real treatment.,D,True
364,Why is the retina essential for vision?,It supports eye movement.,It contains cells that detect light.,It filters sound.,It digests nutrients.,B,True
365,Why is reinforcement scheduling studied in behaviorism?,It boosts memory.,It increases brain size.,It blocks motor signals.,It affects how often behaviors are repeated.,D,True
366,Why is circadian rhythm important in biology?,It regulates sleep-wake cycles.,It builds muscles.,It digests proteins.,It stops infections.,A,True
367,Why is the frontal lobe important for personality?,It contributes to self-control and decision-making.,It filters pain.,It regulates heartbeat.,It stores vitamins.,A,True
368,Why is schema theory used in psychology?,It tracks emotional triggers.,It alters brain chemistry.,It lowers stress.,It explains how knowledge is organized and used.,D,True
369,Why is the immune response specific to antigens?,It blocks digestion.,It boosts respiration.,It filters vision.,It targets only recognized threats.,D,True
370,Why is the visual cortex critical for seeing?,It stores speech patterns.,It forms memories.,It processes visual input from the eyes.,It controls blinking speed.,C,True
371,Why is the parasympathetic nervous system important?,It speeds up digestion.,It calms the body after stress.,It blocks muscle reflexes.,It increases blood pressure.,B,False
372,Why is the thalamus considered a relay station in the brain?,It stores motor memories.,It triggers adrenaline.,It regulates reflex arcs.,It directs sensory information to the cortex.,D,True
373,Why is classical conditioning relevant in advertising?,It lowers costs.,It increases memory span.,It links positive feelings with products.,It controls shopping times.,C,True
374,Why is the blood-brain barrier critical?,It increases oxygen flow.,It regulates vision.,It protects the brain from harmful substances.,It enhances hearing.,C,True
375,Why is the spinal reflex arc important?,It stores pain information.,It allows fast responses without brain input.,It increases nerve size.,It slows down muscle contraction.,B,True
376,Why is the preoperational stage key in Piaget’s theory?,It forms scientific reasoning.,It ends physical growth.,It covers language loss.,It involves symbolic thinking and egocentrism.,D,True
377,Why is the amygdala overactive in anxiety disorders?,It filters dopamine.,It slows down thoughts.,It heightens fear response to perceived threats.,It reduces cortisol.,C,True
378,Why is long-term potentiation studied in neuroscience?,It slows reaction time.,It prevents neuron death.,It blocks pain receptors.,It helps explain how memories are strengthened.,D,True
379,Why is operant conditioning used in behavior training?,It shapes actions using rewards and punishments.,It boosts IQ scores.,It hides emotional triggers.,It shortens learning time.,A,True
380,Why is the pituitary gland called the master gland?,It stores calcium.,It filters blood toxins.,It produces insulin.,It regulates many other endocrine glands.,D,True
381,Why is the medulla oblongata essential for survival?,It generates motor impulses.,It digests nutrients.,It stores long-term memories.,It controls vital functions like breathing and heart rate.,D,True
382,Why is observational research used in psychology?,It allows studying behavior in natural settings.,It tracks hormonal levels.,It creates artificial responses.,It boosts cognitive function.,A,True
383,Why is the Broca's area important for language?,It helps with speech production.,It manages hearing.,It stores vocabulary.,It controls reading speed.,A,False
384,Why is the sodium-potassium pump vital in neurons?,It creates myelin.,It maintains the resting potential.,It releases serotonin.,It speeds up reflexes.,B,True
385,Why is working memory important in cognitive tasks?,It temporarily holds information for processing.,It filters distractions.,It encodes long-term memory.,It stores emotional reactions.,A,True
386,Why is habituation considered a basic form of learning?,It involves decreased response to repeated stimuli.,It reinforces new behaviors.,It increases cognitive load.,It activates reward systems.,A,True
387,Why is the occipital lobe crucial for vision?,It adjusts body temperature.,It processes visual information from the eyes.,It interprets language.,It balances sound input.,B,True
388,Why is informed consent important in research ethics?,It increases survey size.,It anonymizes results.,It shortens the experiment.,It respects participants' autonomy and choice.,D,True
389,Why is the placebo group needed in clinical trials?,It hides data anomalies.,It ensures double-blind design.,It extends trial length.,It helps isolate the treatment effect.,D,False
390,Why is acetylcholine important in muscle control?,It balances blood sugar.,It reduces stress levels.,It triggers muscle contractions.,It cools down tissues.,C,False
391,Why is the hypothalamus important in maintaining body temperature?,It circulates blood.,It acts as the body’s thermostat.,It stores oxygen.,It pumps hormones.,B,True
392,Why is the temporal lobe essential for hearing?,It stores immune responses.,It balances body movements.,It regulates sleep patterns.,It processes auditory information.,D,False
393,Why is the concept of neuroplasticity groundbreaking?,It increases spinal growth.,It stores hormone levels.,It fixes bone fractures.,It shows the brain can adapt and change.,D,True
394,Why is random assignment used in experiments?,It shortens sample size.,It speeds up trials.,It helps reduce selection bias.,It guarantees better results.,C,False
395,Why is motor cortex stimulation used in treatment?,It helps retrain damaged movement pathways.,It increases blood volume.,It removes brain tumors.,It controls hearing.,A,True
396,Why is implicit memory different from explicit memory?,It improves heart function.,It stores only visual memories.,It affects muscle growth.,It operates without conscious awareness.,D,False
397,Why is the vestibular system essential for balance?,It detects head movement and orientation.,It controls blood sugar.,It filters food intake.,It sharpens vision.,A,True
398,Why is fMRI used in brain research?,It maps brain activity through blood flow.,It tests muscle reaction.,It creates sound maps.,It freezes brain movement.,A,True
399,Why is psychological resilience important?,It reduces sugar levels.,It changes physical strength.,It helps people recover from adversity.,It boosts IQ.,C,True
400,Why is the theory of operant conditioning relevant in parenting?,It controls sleep cycles.,It boosts physical coordination.,It explains how behavior can be shaped by rewards.,It increases memory recall.,C,True
401,Why is SWOT analysis used in business strategy?,It predicts future sales.,It merges departments.,"It helps identify strengths, weaknesses, opportunities, and threats.",It balances budgets.,C,True
402,Why is customer segmentation important in marketing?,It allows targeting of specific consumer groups.,It increases refund rates.,It raises product prices.,It replaces product testing.,A,True
403,Why is brand positioning crucial for a company?,It automates packaging.,It lowers advertising costs.,It designs store layouts.,It defines how a brand is perceived in the market.,D,True
404,Why is content marketing effective?,It avoids competitor research.,It lowers website speed.,It shortens customer service time.,It builds trust through valuable information.,D,True
405,Why is ROI a key metric in marketing?,It replaces customer feedback.,It shows the return on investment from campaigns.,It deletes user data.,It filters spam emails.,B,True
406,Why is A/B testing used in digital marketing?,It creates new landing pages.,It compares performance of two variants.,It encrypts URLs.,It blocks pop-ups.,B,True
407,Why is email personalization important in campaigns?,It reduces email length.,It adds attachments.,It increases engagement by addressing individual interests.,It changes subject lines.,C,True
408,Why is a sales funnel useful in marketing?,It renames product features.,It outlines stages of the customer journey.,It filters employees.,It manages warehouse stock.,B,True
409,Why is customer lifetime value (CLV) important?,It logs user behavior.,It hides discounts.,It estimates total revenue from a customer.,It tracks daily sales.,C,True
410,Why is competitor analysis vital in marketing strategy?,It informs how to position against rivals.,It deletes price tags.,It adds shipping fees.,It increases customer loyalty.,A,True
411,Why is product-market fit critical for startups?,It increases ad spending.,It shows there is demand for the product.,It builds warehouse capacity.,It automates hiring.,B,True
412,Why is customer feedback valuable in product development?,It alters shipping costs.,It guides improvements based on real use.,It boosts manufacturing speed.,It deletes negative reviews.,B,True
413,Why is brand equity important for businesses?,It filters spam traffic.,It reflects the value customers place on a brand.,It tracks inventory levels.,It reduces payroll.,B,True
414,Why is the 4Ps model used in marketing?,"It covers product, price, place, and promotion.",It schedules meetings.,It manages HR policies.,It measures production time.,A,True
415,Why is storytelling used in branding?,It lowers website traffic.,It reduces product size.,It filters customer data.,It helps emotionally connect with customers.,D,True
416,Why is value proposition important?,It changes ad targeting.,It details manufacturing cost.,It measures click rates.,It explains why a product is worth buying.,D,True
417,Why is net promoter score (NPS) tracked?,It predicts ad clicks.,It lowers bounce rate.,It measures customer loyalty and satisfaction.,It monitors server uptime.,C,True
418,Why is customer journey mapping useful?,It builds product lists.,It renames web pages.,It changes currency rates.,It reveals user experience across touchpoints.,D,True
419,Why is churn rate a concern for subscription models?,It boosts referral rates.,It filters user feedback.,It indicates customer loss over time.,It increases sales targets.,C,True
420,Why is pricing strategy important in business?,It affects profitability and market positioning.,It disables competition.,It logs cash flow.,It shortens pay cycles.,A,True
421,Why is market research essential before launching a product?,It helps understand customer needs and market gaps.,It lowers raw material cost.,It automates support tickets.,It updates user interfaces.,A,True
422,Why is strategic planning important in business?,It cuts training costs.,It exports billing records.,It renames policies.,It aligns long-term goals with daily operations.,D,True
423,Why is social proof effective in marketing?,It hides company flaws.,It reduces product lines.,It builds trust through testimonials or usage stats.,It switches ad platforms.,C,True
424,Why is influencer marketing growing in popularity?,It boosts inventory count.,It leverages trusted individuals to reach audiences.,It changes product features.,It stops data loss.,B,True
425,Why is CRM important for sales teams?,It blocks unauthorized access.,It manages customer relationships and data.,It updates staff shifts.,It edits product specs.,B,True
426,Why is user experience (UX) critical for websites?,It impacts satisfaction and conversion rates.,It stops auto-scroll.,It tracks video views.,It removes login options.,A,True
427,Why is a mission statement important?,It reduces marketing costs.,It lists payment terms.,It explains pricing.,It defines a company's purpose and direction.,D,True
428,Why is agile methodology used in product teams?,"It promotes fast, iterative development.",It reduces UI testing.,It slows product launches.,It increases ad revenue.,A,True
429,Why is a USP (Unique Selling Proposition) valuable?,It combines product lines.,It lowers development time.,It distinguishes a product from competitors.,It expands manufacturing space.,C,True
430,Why is digital transformation vital for modern businesses?,It increases overhead.,It copies past processes.,It delays change.,It improves efficiency through technology.,D,True
431,Why is lead generation crucial in marketing?,It merges pricing tiers.,It filters employee resumes.,It attracts potential customers into the sales funnel.,It lowers product quality.,C,True
432,Why is market segmentation a strategic tool?,It removes branding.,It enables targeting of specific audience groups.,It restricts ad platforms.,It compresses product descriptions.,B,True
433,Why is upselling used by businesses?,It resets customer history.,It increases revenue by promoting higher-value items.,It disables user accounts.,It deletes product options.,B,True
434,Why is omnichannel strategy important in retail?,It lowers warehouse costs.,It doubles stock prices.,It provides seamless customer experiences across platforms.,It blocks mobile apps.,C,True
435,Why is performance marketing result-driven?,It hides metrics.,It duplicates campaigns.,It ties payment to specific actions like clicks or sales.,It avoids measurement.,C,True
436,Why are landing pages important in online marketing?,They block search indexing.,They extend product catalogs.,They focus user attention on a single goal.,They speed up server restarts.,C,True
437,Why is data analytics valuable in business decisions?,It limits automation.,It removes dashboards.,It locks files.,It uncovers patterns and insights to guide strategy.,D,True
438,Why is PPC (Pay-Per-Click) advertising widely used?,It shortens URLs.,It gives measurable traffic based on ad spend.,It runs offline ads.,It adjusts billing cycles.,B,True
439,Why is business agility a competitive advantage?,It slows marketing.,It helps adapt quickly to market changes.,It adds user delays.,It increases payroll.,B,True
440,Why is conversion rate a key marketing metric?,It tracks page loading time.,It reduces ad copy length.,It merges product IDs.,It shows the effectiveness of turning visitors into customers.,D,True
441,Why is customer onboarding important for SaaS companies?,It filters error logs.,It removes billing options.,It ensures users understand and use the product effectively.,It hides product features.,C,True
442,Why is predictive analytics useful in business?,It shortens email length.,It delays product launches.,It compresses customer data.,It helps forecast trends and customer behavior.,D,True
443,Why is supply chain management critical for retailers?,It filters pop-up ads.,It boosts graphic design.,It optimizes flow of goods from suppliers to customers.,It tracks app downloads.,C,True
444,Why is brand loyalty valuable in marketing?,It hides return policies.,It reduces delivery speed.,It results in repeat purchases and advocacy.,It limits feedback forms.,C,True
445,Why is personalization important in ecommerce?,It resets website layout.,It lowers product visibility.,It disables cart tracking.,It tailors the shopping experience to the user.,D,True
446,Why is financial forecasting essential for business planning?,It alters payment gateways.,It compresses invoices.,It removes annual budgets.,It estimates future revenue and expenses.,D,True
447,Why is omnipresence a marketing strength?,It delays order fulfillment.,It encrypts video content.,It lowers referral bonuses.,It increases brand recognition across channels.,D,True
448,Why is stakeholder communication key in project management?,It aligns expectations and improves transparency.,It ends collaboration.,It reduces deliverables.,It blocks task updates.,A,True
449,Why is pricing psychology used in retail?,It merges checkout pages.,It tracks barcode changes.,It influences buying decisions through perception.,It limits discount codes.,C,True
450,Why is a strong call to action (CTA) crucial in marketing content?,It lowers bounce rate.,It guides users toward a specific goal.,It lengthens page text.,It changes logo design.,B,True
451,Why is referral marketing cost-effective?,It increases warehouse rent.,It leverages satisfied customers to bring in new ones.,It replaces influencer outreach.,It shortens payment cycles.,B,True
452,Why is market saturation a challenge for startups?,It reduces payroll.,It lowers server uptime.,It limits room for growth and new users.,It improves app latency.,C,True
453,Why is risk management necessary in project planning?,It removes legal teams.,It filters social media metrics.,It prepares for potential setbacks and uncertainties.,It boosts brand design.,C,True
454,Why is thought leadership used in content strategy?,It simplifies payment methods.,It shortens video ads.,It removes call center load.,It builds authority and trust within a niche.,D,True
455,Why is customer retention more profitable than acquisition?,It avoids marketing completely.,It costs less and increases lifetime value.,It increases delivery time.,It lowers software versions.,B,True
456,Why is benchmarking used in performance reviews?,It automates payroll.,It compares current performance against industry standards.,It duplicates goals.,It changes file names.,B,True
457,Why is data visualization crucial in reports?,It extends meetings.,It deletes user sessions.,It makes complex information easier to understand.,It disables cookies.,C,True
458,Why is cross-functional collaboration valuable in business?,It erases project scope.,It shortens vacation time.,It brings diverse perspectives to solve problems.,It removes role clarity.,C,True
459,Why is mobile optimization critical for ecommerce?,It hides return policies.,It blocks reviews.,It disables shopping carts.,It improves user experience on smaller screens.,D,True
460,Why is time-to-market a key metric in product launches?,It lowers code quality.,It duplicates wireframes.,It increases design complexity.,It reflects speed from idea to release.,D,False
461,Why is the liver essential in drug metabolism?,It regulates heart rate.,It stores iron long-term.,It breaks down and detoxifies medications.,It produces red blood cells.,C,True
462,Why are antibiotics ineffective against viruses?,Viruses are resistant to all medications.,Viruses don’t have cellular structures targeted by antibiotics.,Viruses multiply in blood only.,Viruses increase white blood cells.,B,True
463,Why is insulin critical for diabetics?,It enhances bone density.,It clears liver toxins.,It boosts oxygen transport.,It helps regulate blood glucose levels.,D,True
464,Why is patient history important in diagnosis?,It filters insurance data.,It increases prescription dosage.,It provides context for symptoms and risks.,It eliminates the need for testing.,C,False
465,Why is aseptic technique important during surgery?,It relaxes patient muscles.,It speeds wound healing.,It prevents infection by keeping the field sterile.,It increases oxygen flow.,C,True
466,Why is the blood-brain barrier significant in pharmacology?,It transports glucose.,It breaks down proteins.,It restricts certain drugs from reaching the brain.,It slows brain signals.,C,True
467,Why is the ECG used in emergency medicine?,It filters lung sounds.,It measures body temperature.,It diagnoses broken bones.,It detects irregular heart rhythms quickly.,D,True
468,Why is vaccination important for public health?,It speeds up digestion.,It increases muscle strength.,It reduces the spread of infectious diseases.,It clears nasal passages.,C,True
469,Why is hydration critical in treating heatstroke?,It restores fluid balance and cools the body.,It raises blood sugar.,It slows breathing.,It narrows blood vessels.,A,True
470,Why is the spleen important in the immune system?,It stores calcium.,It produces adrenaline.,It digests protein.,It filters blood and helps fight infections.,D,True
471,Why is the kidney vital for maintaining electrolyte balance?,It produces red blood cells.,It controls insulin secretion.,"It regulates levels of sodium, potassium, and calcium.",It absorbs dietary fat.,C,True
472,Why is hemoglobin important in the circulatory system?,It carries oxygen from the lungs to tissues.,It produces bile.,It digests carbohydrates.,It filters toxins.,A,True
473,Why is CPR (cardiopulmonary resuscitation) performed during cardiac arrest?,It restores electrolyte levels.,It helps maintain blood circulation and oxygen flow.,It improves digestion.,It reduces fever.,B,True
474,Why is the pancreas considered both an endocrine and exocrine gland?,It regulates blood pressure.,It secretes hormones and digestive enzymes.,It absorbs nutrients.,It stores energy.,B,True
475,Why are antihistamines used to treat allergies?,They reduce viral replication.,They increase heart rate.,They block the effects of histamine.,They enhance bone growth.,C,False
476,Why is the appendix no longer considered entirely useless?,It produces insulin.,It stores calcium.,It filters air.,It may play a role in gut immunity.,D,True
477,Why is early detection important in cancer treatment?,It eliminates immune responses.,It decreases oxygen supply.,It increases the chances of successful treatment.,It avoids all surgeries.,C,True
478,Why is the pulse oximeter used in clinical settings?,It measures vision.,It tracks hydration level.,It detects blood sugar.,It measures blood oxygen saturation.,D,True
479,Why is antibiotic resistance a global concern?,It boosts immune memory.,It increases vaccine costs.,It stops organ function.,It makes infections harder to treat.,D,False
480,Why is patient compliance important in chronic disease management?,It reduces blood volume.,It ensures effectiveness of long-term treatment.,It lowers heartbeat.,It strengthens bones.,B,True
481,Why is informed consent critical before surgical procedures?,It replaces medical history.,It speeds up recovery.,It avoids anesthesia use.,It ensures the patient understands and agrees to the risks.,D,True
482,Why is the thyroid gland important in metabolism?,It stores vitamin D.,It filters blood.,It digests carbohydrates.,It regulates metabolic rate through hormone secretion.,D,True
483,Why are anticoagulants prescribed to some patients?,They prevent blood clot formation.,They lower blood sugar.,They increase appetite.,They boost lung capacity.,A,False
484,Why is the Glasgow Coma Scale used in emergency care?,It evaluates muscle mass.,It assesses a patient’s level of consciousness.,It controls heartbeat.,It adjusts oxygen levels.,B,True
485,Why is the right ventricle important in circulation?,It absorbs nutrients.,It filters waste.,It pumps deoxygenated blood to the lungs.,It produces plasma.,C,True
486,Why is sterile technique essential in wound care?,It reduces risk of infection and promotes healing.,It slows bleeding.,It raises white blood cell levels.,It increases platelet count.,A,True
487,Why is hypertension called the 'silent killer'?,It causes constant coughing.,It affects only teenagers.,It often shows no symptoms but causes serious damage.,It improves heart rhythm.,C,True
488,Why is the autonomic nervous system vital in medicine?,It boosts reflex speed.,It filters sensory information.,It controls involuntary functions like heart rate and digestion.,It repairs brain tissue.,C,True
489,Why is the body’s inflammatory response necessary?,It slows cell growth.,It defends against injury and infection.,It enhances sleep cycles.,It reduces metabolic rate.,B,True
490,Why is pediatric dosing different from adult dosing?,Children metabolize drugs differently due to body composition.,Children avoid drug resistance.,Children prefer syringes.,Children absorb pills faster.,A,True
491,Why is telemetry used in cardiac monitoring?,It delivers nutrients.,It allows real-time remote observation of heart activity.,It strengthens muscles.,It reduces stress.,B,True
492,Why is oxygen therapy used for COPD patients?,It improves oxygen supply to tissues.,It reduces inflammation.,It repairs alveoli.,It lowers blood sugar.,A,True
493,Why is folic acid important during pregnancy?,It helps prevent neural tube defects in the fetus.,It strengthens bones.,It regulates heartbeat.,It improves eyesight.,A,True
494,Why is palliative care important in terminal illness?,It eliminates all symptoms.,It shortens hospital stay.,It aims to cure the condition.,It focuses on comfort and quality of life.,D,True
495,Why is the pituitary gland called the master gland?,It regulates body fat.,It controls hormone secretion in other glands.,It stores enzymes.,It boosts appetite.,B,True
496,Why is triage important in emergency medicine?,It prioritizes treatment based on urgency.,It speeds up billing.,It monitors vitals only.,It reduces paperwork.,A,True
497,Why is the diaphragm essential for breathing?,It contracts to expand the lungs during inhalation.,It filters air particles.,It produces mucus.,It stores oxygen.,A,True
498,Why is electrolyte monitoring important in hospitalized patients?,It increases hemoglobin.,It improves taste.,It ensures proper muscle and nerve function.,It lowers blood clotting.,C,True
499,Why is the use of IV fluids common in emergency settings?,It improves liver enzymes.,It clears ear infections.,It enhances bone density.,It rapidly restores hydration and electrolyte balance.,D,True
500,Why is antimicrobial stewardship essential in healthcare?,It blocks protein synthesis.,It raises white blood cells.,It promotes responsible antibiotic use to prevent resistance.,It increases pill strength.,C,True
